{
  "chart": {
    "title": "Total health spending per person",
    "subtitle": "The sum of public and private annual health expenditure per person. This data is adjusted for differences in living costs between countries, but it is not adjusted for inflation.",
    "note": "This data is expressed in current [international-$](#dod:int_dollar_abbreviation).",
    "citation": "Global Health Expenditure Database, WHO, via World Bank (2026)",
    "originalChartUrl": "https://ourworldindata.org/grapher/annual-healthcare-expenditure-per-capita?v=1&csvType=full&useColumnShortNames=false",
    "selection": [
      "South Asia (WB)",
      "North America (WB)",
      "Sub-Saharan Africa (WB)",
      "East Asia and Pacific (WB)",
      "Europe and Central Asia (WB)",
      "Latin America and Caribbean (WB)",
      "Middle East, North Africa, Afghanistan and Pakistan (WB)"
    ]
  },
  "columns": {
    "Current health expenditure per capita, PPP (current international $)": {
      "titleShort": "Current health expenditure per capita, PPP (current international $)",
      "titleLong": "Current health expenditure per capita, PPP (current international $)",
      "shortUnit": "$",
      "unit": "current international $",
      "timespan": "2000-2024",
      "type": "Numeric",
      "owidVariableId": 1145277,
      "shortName": "sh_xpd_chex_pp_cd",
      "lastUpdated": "2026-01-29",
      "nextUpdate": "2027-01-29",
      "citationShort": "Global Health Expenditure Database, WHO, via World Bank (2026) – processed by Our World in Data",
      "citationLong": "Global Health Expenditure Database, WHO, via World Bank (2026) – processed by Our World in Data. “Current health expenditure per capita, PPP (current international $)” [dataset]. Global Health Expenditure Database, WHO, via World Bank, “World Development Indicators 125” [original data].",
      "fullMetadata": "https://api.ourworldindata.org/v1/indicators/1145277.metadata.json"
    }
  },
  "dateDownloaded": "2026-02-13",
  "activeFilters": {}
}